{"model_type":"linear_residual_regression_v2","model_version":"linear-v2-20260322003334","trained_at":"2026-03-21T15:33:34.306532+00:00","sample_count":265,"minimum_ml_samples":30,"recommended_ml_samples":100,"target":"delta = corrected_score - rule_score","feature_names":["brightnessMean","brightnessStd","contrast","overexposedRatio","underexposedRatio","entropy","saturationRatio","sharpnessRaw","noiseEstimate","meanEdge","dominantEdge","leftRightBalance","topBottomBalance","thirdsAlignment","subjectConcentration","subjectCenterSupport","subjectXRatio","subjectYRatio","backgroundInformation","backgroundClutter","compositionScore","lightScore","colorScore","technicalScore","subjectScore","impactScore","ruleTotalScore"],"means":[117.7106542481632,53.86039827154599,0.42078436149645304,0.023171017915873754,0.09030613066962279,7.101492190556929,0.3059933799547205,20.271315766818983,1.5286551254354759,56.023782665101805,104.61042282082124,0.8685810206161217,0.6966848688996023,0.5171129387633873,0.06180787679865656,0.8832472861003169,0.49350212544694183,0.5213995319347603,0.5680285505581466,0.3570856340597368,63.84905660377358,75.25283018867924,70.13962264150943,70.30188679245283,61.10943396226415,68.1622641509434,66.55094339622642],"scales":[41.332443643422934,12.76787734635349,0.09974904176838664,0.09278394803673568,0.1668929802482408,1.0542511565584989,0.2259080273398152,14.964283909828858,0.8930825897567076,32.11589428212487,67.00498032854276,0.1353150776219112,0.23197057159905055,0.08936941151113371,0.02082532142204809,0.1409096811047362,0.03514268711482386,0.07669249732172118,0.2287996375631994,0.10052833584183975,3.8401858564254865,13.812499176451231,13.003313650579084,26.068838410306192,8.576806463571595,5.046210100962354,6.0105449048651],"weights":[2.174643035194196,-0.2473854743914564,-0.2473854743914564,-2.43937228879456,1.6793135005106754,1.6630598660485203,1.1693429617794528,0.29088639953330514,-1.87384817761236,-2.5217915886482345,3.8382847523874544,-0.31288989303710746,-0.6538362489098504,-0.9199947335876796,0.6270324515722684,-0.06623587245785756,-0.060006881325667845,0.15487376714236045,-1.9043247443817746,-1.0431901783758017,0.44868901371648073,-1.6353282729418994,0.28158058861377155,0.4776045709404814,-2.161750668278273,0.13760665517246887,-1.1573562328105378],"bias":-0.6188679245282879,"training_mae":4.015326770724581}